Fri Aug 31 23:59:57 +0000 2018,Haha @Eminem dropped that new album and name dropped $btc in it. Legit #bitcoin #notalike
Fri Aug 31 23:59:51 +0000 2018,"RT @coingecko: Have you tried comparing coins side by side?
Which coin would you compare?
https://t.co/YaqydA8HMh
.
#cryptocurrency #coins‚Ä¶"
Fri Aug 31 23:59:47 +0000 2018,RT @cryptocomicon: Chris DeRose spends an 86 minutes explaining why he likes #Monero in a world dominated by bitcoin maximalist ideologues.‚Ä¶
Fri Aug 31 23:59:45 +0000 2018,RT @BitcoinDood: DNA: The Safest Way to Store your Bitcoin Fortune https://t.co/VxyAjj9Dy2
Fri Aug 31 23:59:42 +0000 2018,"RT @CharlieShrem: As bitcoin grows, more and more people will ‚Äúclaim‚Äù to be Satoshi and amass cult like following. Even if Satoshi ‚Äúreturne‚Ä¶"
Fri Aug 31 23:59:38 +0000 2018,"Recover your loss by copy this guy. Deposit Bitcoin

https://t.co/dNdOzhV2bQ

$VET $DNT $VEN $TRX $ONT $CND $MTH‚Ä¶ https://t.co/tD1YoVTmlu"
Fri Aug 31 23:59:33 +0000 2018,RT @BTCTN: Kiev‚Äôs Bessarabsky Market Accepts Cryptocurrencies for Groceries https://t.co/QEeckFEbST https://t.co/gsU6hwlSUL
Fri Aug 31 23:59:32 +0000 2018,RT @tradetextdx: #TradetexExchange is a best and fastest #growing way to boost your Earning with Bitcoin.  Create wallet and start trading&gt;‚Ä¶
Fri Aug 31 23:59:31 +0000 2018,"RT @aencoin: 1 DAY LEFT!
Our Pre-sale is ending in 1 day! 
Get up to 50% token bonus by contributing before 31 Aug! 
Sign up here for your‚Ä¶"
Fri Aug 31 23:59:28 +0000 2018,#quote #trading #stocks #Bitcoin Bitcoin #Crepyto #success#motivational #car #luxury #power #wealth#changes‚Ä¶ https://t.co/ynVOfFsVKc
Fri Aug 31 23:59:26 +0000 2018,"RT @Cointelegraph: According to new research conducted by a major ICO advisory firm, Bitcoin will reach $98K within five years, Bitcoin Cas‚Ä¶"
Fri Aug 31 23:59:26 +0000 2018,RT @DrBaberGhauri: Fantastic article on all the ways someone could steal your cryptocurrency.  Remember: BitCoin should be treated like cas‚Ä¶
Fri Aug 31 23:59:23 +0000 2018,"RT @aencoin: [#6] Community #FunFact Of The Day‚ùóÔ∏è
Did you know the cost of care for Alzheimer's Disease patients is way higher than the res‚Ä¶"
Fri Aug 31 23:59:23 +0000 2018,RT @AlexChapmanTOP: Like catching a falling knife. The ‚Äògood buying opportunity‚Äô might be just like buying bitcoin after its peak. https://‚Ä¶
Fri Aug 31 23:59:20 +0000 2018,"Another point worth noting here is that, the wallet, was¬†last active¬†on March 9th, 2014, which is some months after‚Ä¶ https://t.co/45LlR6RDjR"
Fri Aug 31 23:59:20 +0000 2018,"RT @Cointelegraph: According to new research conducted by a major ICO advisory firm, Bitcoin will reach $98K within five years, Bitcoin Cas‚Ä¶"
Fri Aug 31 23:59:15 +0000 2018,"Viabtc CEO Proposes BCH Organization to Establish Standards https://t.co/K2TR7d20dk https://t.co/jMxupQnXQw

Viabtc‚Ä¶ https://t.co/ojCQYauxZu"
Fri Aug 31 23:59:14 +0000 2018,Bitcoin to Hit $96K in Five Years? https://t.co/c4ZioGhm3Q
Fri Aug 31 23:59:14 +0000 2018,Bitcoin Classic is the most complete form of fork bitcoin which Solve all previous Bitcoin and forks problems https://t.co/eh81IPMOa6
Fri Aug 31 23:59:13 +0000 2018,How to Create an Online Store and Accept Bitcoin - Step by step tutorial... https://t.co/gNCrO5GRfZ via @YouTube
Thu Aug 30 23:59:59 +0000 2018,"#Bitcoin #crypto #vet

Imagine calling a 99 MA test 2 hours away to the minute üòé

@flock0o If you're not impressed‚Ä¶ https://t.co/gaExIcIRnK"
Thu Aug 30 23:59:58 +0000 2018,"RT @CalvinAyre: This is also big news...Bitcoin SV is out in Alpha.  #Bitcoin #BCH

https://t.co/VQyjS9ZINK"
Thu Aug 30 23:59:58 +0000 2018,MtGox Civil Rehabilitation claims now open. EVERYONE WHO CLAIMED IN THE PAST MUST CLAIM AGAIN. https://t.co/hGwzUOBXWL
Thu Aug 30 23:59:56 +0000 2018,me watching bitcoin rn https://t.co/WZToRtqizH
Thu Aug 30 23:59:55 +0000 2018,RT @MyCIPlatform: If theres anything you want to see on our crypto website comment below.. and dont forget about our giveaway in our pinned‚Ä¶
Thu Aug 30 23:59:53 +0000 2018,bitcoin
Thu Aug 30 23:59:52 +0000 2018,"@SophieHaigney Good ones are worth their weight in gold, or bitcoin."
Thu Aug 30 23:59:51 +0000 2018,"RT @jimmysong: Bitcoin is the friend that is transparent with you, tells you the truth and is with you through adversity.

Fiat is the frie‚Ä¶"
Thu Aug 30 23:59:50 +0000 2018,"RT @aencoin: EXTRA BONUS IS LIVE!
Soft-cap hit with more than $16M and it‚Äôs still counting. To celebrate the good news, we're giving extra‚Ä¶"
Thu Aug 30 23:59:48 +0000 2018,"RT @SwiftOnSecurity: What do you call Bitcoin stored on a USB stick?

FAT Currency."
Thu Aug 30 23:59:47 +0000 2018,"@DennisPortoMD @kampai_san @elonmusk @Excellion @Blockstream @Bitcoin @Tesla You are right! my bad,  I meant @btc"
Thu Aug 30 23:59:43 +0000 2018,"Today News - Crypto expert stands by $60... - how earn #Bitcoin, skill Bitcoin mining , Ethereum, Litecoin
https://t.co/EBO8PBkYWd"
Thu Aug 30 23:59:40 +0000 2018,I liked a @YouTube video https://t.co/0ZmRogVAtg Will Institutions Allow Bitcoin Back Above $20k?
Thu Aug 30 23:59:37 +0000 2018,@Sarcasticlegend @haydentiff @BlueNETGaming @JoelKatz @DelRayMan @Ripple Bitcoin is permissionless. You can do anything you want.
Thu Aug 30 23:59:37 +0000 2018,"RT @_Kevin_Pham: So Jack Dorsey liked this tweet. 

That means the CEO of both Twitter (the platform you're using right now) and Square is‚Ä¶"
Thu Aug 30 23:59:35 +0000 2018,"RT @LitecoinOne: üó£Ô∏è#LitecoinOne Retweet Contest 3 !

1‚É£Retweet &amp; like this tweet
2‚É£Follow @LitecoinOne
3‚É£Tag 5 Friends
4‚É£For every 100 #RTs‚Ä¶"
Thu Aug 30 23:59:33 +0000 2018,Is Bitcoin energy consumption concern still a thing?
Thu Aug 30 23:59:26 +0000 2018,RT @BigCheds: $BTC #Bitcoin - bullish consolidation break on 1 hour https://t.co/C0MxMha1Gc
Thu Aug 30 23:59:24 +0000 2018,"RT @BitcoinGuruInfo: John McAfee's 'Unhackable' Bitcoin Wallet is Hackable, Company Admits #Bitcoin #cryptocurrency #Cryptowallet #JohnMcAf‚Ä¶"
Thu Aug 30 23:59:23 +0000 2018,"RT @jimmysong: Bitcoin is the friend that is transparent with you, tells you the truth and is with you through adversity.

Fiat is the frie‚Ä¶"
Wed Aug 29 23:59:55 +0000 2018,RT @LittleTronChan: TRX TO THE MOON CONFIRMED!!! üöÄüåïüìà #TRX #TRON #BTC #Bitcoin #ETH #Ethereum #Crypto https://t.co/TEkUVUJn2z
Wed Aug 29 23:59:51 +0000 2018,"RT @IOStoken: Another great use case for $IOST -- Australians are now be able to pay their bills with #IOST!

#Cryptocurrency #BlockchainAd‚Ä¶"
Wed Aug 29 23:59:48 +0000 2018,Gonna be doing the @EdgeWallet live Q&amp;A with our Chief Architect @s_tec this Friday at noon Pacific Time. You guys‚Ä¶ https://t.co/taDHsC6jKB
Wed Aug 29 23:59:45 +0000 2018,"RT @BTCTN: Operation Cryptosweep: 200+ Crypto Cases in North America, 46 Enforcement Actions https://t.co/x1P0npyaLM https://t.co/MNtLUpjdHi"
Wed Aug 29 23:59:45 +0000 2018,Well @Moneris we were hoping this would have been you!   https://t.co/2kZmQ05Wew
Wed Aug 29 23:59:43 +0000 2018,"RT @aencoin: Aenco CTO Geoff Tipton was sharing thoughts on ‚ÄúHealth Tech Meets Block Tech‚Äù.
We are glad to have met and mingled with so man‚Ä¶"
Wed Aug 29 23:59:42 +0000 2018,RT @TheNvsibleHand: Never forget why this Grassroots movement started and why it continues today. &gt;  #Bitcoin .  It  has grown from the soi‚Ä¶
Wed Aug 29 23:59:41 +0000 2018,THE MORE ADOPTION the BETTER$$$ #bitcoin #ETH #Litecoin #Yahoo https://t.co/XfYVQ7IDTr
Wed Aug 29 23:59:39 +0000 2018,"@rogerkver BTC is the only Bitcoin. Previously, a bunch of businessmen and a marketer tried to take it over but fou‚Ä¶ https://t.co/dYcPKZxSdE"
Wed Aug 29 23:59:37 +0000 2018,RT @CryptoInvest18: We are finally back in green for a while now! Which of these Top 10 coins are the best to buy now? Vote and retweet!  #‚Ä¶
Wed Aug 29 23:59:36 +0000 2018,"RT @Builderium: Dear #Builderium community, NewsBTC has posted an article about #Builderium! NewsBTC is a news service that covers bitcoin‚Ä¶"
Wed Aug 29 23:59:35 +0000 2018,"RT @crypto_rand: Yahoo Finance Integrates #Bitcoin, #Ethereum and #Litecoin Trading https://t.co/44QJLBe0qA"
Wed Aug 29 23:59:32 +0000 2018,Tippr Bot Distributes Over $100K in Bitcoin Cash Across Reddit Forums https://t.co/hFngKuBwcg #Bitcoin
Wed Aug 29 23:59:32 +0000 2018,"@LuckySatya Bitcoin has already went up too much. In fact, too much too fast? The asset can take a break for a coup‚Ä¶ https://t.co/TSasKb0yWq"
Wed Aug 29 23:59:31 +0000 2018,"RT @Monarchtoken: Monarch Token Airdrop is Live Now!!
Are you ready for the most exciting TGE of 2018? üî• 

https://t.co/fIpykcA17A

#airdro‚Ä¶"
Wed Aug 29 23:59:27 +0000 2018,RT @CryptoCoinsNews: Litecoin Creator Charlie Lee Recommends Buying Bitcoin in Bear Market https://t.co/6RI8PnMig2
Wed Aug 29 23:59:27 +0000 2018,Bitcoin Mining Apps Still Live on Google Play Despite Ban https://t.co/wzZIp3QdoP via @cryptocoinsnews
Wed Aug 29 23:59:26 +0000 2018,"Dubaibtc is a cryptocurrency investment company specializing in the bitcoin market,bitcoin hawaii,https://t.co/NBmQcNyHVS"
Wed Aug 29 23:59:21 +0000 2018,"RT @CryptoAmb: Tron [TRX], Cardano [ADA], NEM [XEM] &amp; Verge [XVG]: Drops by more than 90% since ATH
https://t.co/QbgywuyuTo
$BTC #ETH $ETH‚Ä¶"
Wed Aug 29 23:59:18 +0000 2018,"If bitcoin holds above $7000 for the week, the bulls will jump back in, crypto‚Ä¶ https://t.co/NLQ2kI1TqM #bitcoin"
Tue Aug 28 23:59:54 +0000 2018,RT @katyaandme: Finished listening this LTB podcast with @CaitlinLong_ @aantonop @JonathanMohan @GamerAndy. Enough has been said on Twitter‚Ä¶
Tue Aug 28 23:59:54 +0000 2018,RT @CNBCFuturesNow: Bitcoin breaking back above $7K today and @Bob_Iaccino says $8K could be next https://t.co/lZQu1V2dzd
Tue Aug 28 23:59:53 +0000 2018,"RT @Crypto_Eagle: #Bitcoin #bitcoin #BTC $BTC #Cryptocurrency #cryptocurrency #Crypto #crypto #giveaway #Reddcoin #RDD $RDD
Friday 31st Aug‚Ä¶"
Tue Aug 28 23:59:53 +0000 2018,"RT @FedericoTenga: Lightning Network has more nodes than Ripple, Bitcoin Cash and Litecoin put together"
Tue Aug 28 23:59:52 +0000 2018,RT @CNBCFastMoney: 'Bitcoin Jesus' aka @rogerkver explains why #BitcoinCash is a better investment than #bitcoin https://t.co/KQbgCJdPE2
Tue Aug 28 23:59:52 +0000 2018,RT @RadioFreeTom: Local GOP candidate just knocked on my door. Couldn't process it when I said that as a Never Trump Republican I am not vo‚Ä¶
Tue Aug 28 23:59:49 +0000 2018,The next ‚ÄúBitcoin Expert‚Äù on @cnbc #bitcoinboomorbust #bitcoin https://t.co/ffnoP3co7C
Tue Aug 28 23:59:48 +0000 2018,RT @newsbtc: Roger Ver: Bitcoin Cash is a Better Investment Than Bitcoin https://t.co/QsfM0nueDo https://t.co/w3tFafIbzD
Tue Aug 28 23:59:47 +0000 2018,"RT @JuicyFruityyy: $50 BITCOIN GIVEAWAY!

To Enter:

-RT
-Like this video: https://t.co/NL7CCtJxHW
(must show proof)

Thats it!

ENDS IN 72‚Ä¶"
Tue Aug 28 23:59:45 +0000 2018,"FYI false statement...

Don't deposit there u can't trade even partially verified 

@bitebtccom @Thr_Official‚Ä¶ https://t.co/Li28Ss628a"
Tue Aug 28 23:59:44 +0000 2018,RT @KurrentC: #Cincodemayo is popping off in #sandiego I was happy to support any #btc #bitcoin #ltc #litecoin #eth #etheruem vendor. Glad‚Ä¶
Tue Aug 28 23:59:42 +0000 2018,RT @ArminVanBitcoin: The hash rate of #bitcoin jumps to 61.8 EH/s. An increase by 35% in 2 days. https://t.co/cJkuInzgVj
Tue Aug 28 23:59:38 +0000 2018,"RT @mindstatex: Reviving this post for BU members to consider:

Im_uname left violent msgs in @BitcoinCashA discord.
Threatening violence o‚Ä¶"
Tue Aug 28 23:59:35 +0000 2018,"RT @Fisher85M: #Disruption from every direction {Infographic}

#fintech #startups #cryptocurrency #digital @Fisher85M #innovation #bitcoin‚Ä¶"
Tue Aug 28 23:59:35 +0000 2018,"charlie lee shakes on tv telling you not to buy $ltc as he would never invest in something he created, this guy for‚Ä¶ https://t.co/dxtOeJb2hn"
Tue Aug 28 23:59:32 +0000 2018,"RT @Crypto_Eagle: #Bitcoin #bitcoin #BTC $BTC #Cryptocurrency #cryptocurrency #Crypto #crypto #giveaway #Reddcoin #RDD $RDD
Friday 31st Aug‚Ä¶"
Tue Aug 28 23:59:31 +0000 2018,RT @whaleclubco: GIVE ME THAT HOPE BTC! #bitcoin ¬∑ Trade $BTCUSD with up to 20x leverage: https://t.co/ogeEs8zK82 https://t.co/ZtCGl3S3Wy
Tue Aug 28 23:59:27 +0000 2018,Lloyd‚Äôs Of London to Insure Custody Platform for Digital Currency https://t.co/xKozfUg5qO #bitcoin $BTC #blockchain‚Ä¶ https://t.co/GlooxNsEig
Tue Aug 28 23:59:27 +0000 2018,"üì¢üí∞üí∞#AIRDROPüí∞üí∞

#GUARIUM #BOUNTYüí∞

üí∞GUAR Tokenüí∞

1 #GUAR = 1.2 $üí∞

First Place üëâ30,000 GUAR Tokens=$36,000

üëâ‚Ä¶ https://t.co/5yDXoOUYz5"
Tue Aug 28 23:59:26 +0000 2018,RT @miezzzzzz: #XBI #bitcoinincognito #masternode #Giveaway!! 250 XBI Bitcoin Incognito giveaway every Sunday the coming months. This is #x‚Ä¶
Mon Aug 27 23:59:55 +0000 2018,"RT @GemCrypto: Some ideas for happiness;

üåëLove
üåëForget
üåëForgive
üåëSet goals
üåëBe grateful
üåëSmile more
üåëBuy Bitcoin
üåëLove yourself
üåëBelieve i‚Ä¶"
Mon Aug 27 23:59:55 +0000 2018,"RT @nntaleb: Statistically flawed statement: no such claims can be made under high variance power law.

#SkinintheGame: if @paulkrugman had‚Ä¶"
Mon Aug 27 23:59:49 +0000 2018,"@javisobr @mikeinspace @derose @zeropassio @MrHodl @pdubl22 @oriolpont I dunno about that, I have never defended th‚Ä¶ https://t.co/vA7VGeA3gm"
Mon Aug 27 23:59:47 +0000 2018,"RT @prosperclub: Bitcoin, Ethereum, Ripple, Bitcoin Cash, EOS, Stellar, Litecoin, Cardano, Monero, IOTA: Price Analysis, August 27 https://‚Ä¶"
Mon Aug 27 23:59:45 +0000 2018,What is #Bitcoin mining or #Cryptocurrency mining? https://t.co/Dc6ZLPN9wB
Mon Aug 27 23:59:42 +0000 2018,"RT @lawmaster: Four months left to be correct. I present you the Bitcoin price predictors:

Kay Van-Petersen (@KVP_Macro) - $100,000 (Janua‚Ä¶"
Mon Aug 27 23:59:42 +0000 2018,@derose @mikeinspace @MrHodl @pdubl22 @oriolpont @zeropassio You probably haven't thought that having thousands of‚Ä¶ https://t.co/14MK6oQhj7
Mon Aug 27 23:59:37 +0000 2018,"RT @TheCryptoDog: üö®WARNING! üö® WARNING! üö® WARNING! üö® 

ùóïùóúùóßùóñùó¢ùóúùó° ùóúùó¶ ùóúùó° ùóî ùó¶ùóßùóîùóßùóò ùó¢ùóô ùóòùó†ùóòùó•ùóöùóòùó°ùóñùó¨

FROM THIS POINT FORWARD, IT IS ùóúùóüùóüùóòùóöùóîùóüüö´ TO SHORT‚Ä¶"
Mon Aug 27 23:59:37 +0000 2018,"RT @kerooke: The rest of South America is learning from Venezuela. 

You get a lot less Bitcoin if you buy it after hyperinflation occurs.‚Ä¶"
Mon Aug 27 23:59:36 +0000 2018,"RT @Cernovich: Real talk with @ELGINDOTCOM and @_TheCivilRight. 

Personal finances.

Bitcoin.

Politics.

Trump.

And jokes! https://t.co/‚Ä¶"
Mon Aug 27 23:59:34 +0000 2018,"RT @MJMcKean: @TheBrodyFile @POTUS @FLOTUS @WhiteHouse @CBNNews ""Dear Lord: we are gathered here in Your name to worship this racist shitba‚Ä¶"
Mon Aug 27 23:59:30 +0000 2018,RT @BigCheds: $BTC #bitcoin go boom - 1 hour https://t.co/ZdUd7o7tri
Mon Aug 27 23:59:27 +0000 2018,"RT @Nappyb0yy: What you do:

Read every Forbes article
Watch Gary Vee‚Äôs videos
Stalk Navals twitter
Debate bitcoin value
Keep up with Elon‚Äô‚Ä¶"
Mon Aug 27 23:59:25 +0000 2018,"RT @Autobayio: AUTOBAYERS! Check this amazing video of Bottas in Spa this weekend!

#F1 #ico #icos #crypto #bitcoin #Blockchain #cryptocurr‚Ä¶"
Mon Aug 27 23:59:22 +0000 2018,"RT @lawmaster: Four months left to be correct. I present you the Bitcoin price predictors:

Kay Van-Petersen (@KVP_Macro) - $100,000 (Janua‚Ä¶"
Mon Aug 27 23:59:22 +0000 2018,"@TheBrodyFile @POTUS @FLOTUS @WhiteHouse @CBNNews Evangelicals and GOP, partners in lies and promoting plutocracy.‚Ä¶ https://t.co/rrg0P9oIKY"
Mon Aug 27 23:59:19 +0000 2018,Blackmail Scam Uses Passwords to Scare People into Paying Bitcoin. Don't Fall for It. - Fortune https://t.co/YctD47X71e
Mon Aug 27 23:59:19 +0000 2018,"RT @xX_otto_Xx: https://t.co/sYPm2i8wWf -----Likes‚ù§Ô∏è &amp; RTsüîÑ this post, and follows üë£...#cryptocurrency #crypto #Investments #passiveincome‚Ä¶"
Mon Aug 27 23:59:18 +0000 2018,"RT @Clock_pay: This Second promo is only for 10k Participant

Token worth 200$  =  200,000 Clockpay

1. Follow
 
2. Retweet &amp; Tags 5 Friend‚Ä¶"
Mon Aug 27 23:59:16 +0000 2018,"RT @iamjosephyoung: Wolf of Wall Street, actual criminal who served 4 years in prison for penny stock scam thinks Bitcoin will evaporate in‚Ä¶"
Sun Aug 26 23:59:58 +0000 2018,"RT @ercwl: 25/ By the way, this is Peter Todd in 2001 (15 years old at the time) discussing essentially bitcoin with Hal Finney years befor‚Ä¶"
Sun Aug 26 23:59:55 +0000 2018,CNBC Draws Flak For Upcoming ‚ÄúBitcoin: Boom or Bust‚Äù¬†Documentary https://t.co/NdjwrXXP8c https://t.co/X5eKjcTrBB
Sun Aug 26 23:59:54 +0000 2018,@Join_Civil Is Bitcoin involved somehow?
Sun Aug 26 23:59:53 +0000 2018,"@billsmith4lyfe @MrHodl @MattoshiN Probably by eating away at the marketcap. But,  if general will is what controls‚Ä¶ https://t.co/snbiOxVioo"
Sun Aug 26 23:59:52 +0000 2018,"@Cernovich Wow, you opened a wallet! It doesn't erase all the things you said about bitcoin before it jumped in price."
Sun Aug 26 23:59:51 +0000 2018,SEC to review decision rejecting bitcoin ETFs https://t.co/66o1ITPtx4
Sun Aug 26 23:59:46 +0000 2018,RT @satoshiuncle_: Bank of America Files Patent for Cryptocurrency Custody System https://t.co/13Ct4cvb5u #satoshiuncle #cryptocurrency #bi‚Ä¶
Sun Aug 26 23:59:45 +0000 2018,"RT @flamzyMarshall: #WORBLI an #eos forked,is a #financial services network (FSN) where enterprises and individuals can access a broad rang‚Ä¶"
Sun Aug 26 23:59:40 +0000 2018,Is #Bitcoin forming a bear flag or double bottom? - 8/26/18 - LIVE: https://t.co/Wbly52dnc7 via @YouTube
Sun Aug 26 23:59:40 +0000 2018,@nntaleb @sktfilm Better get that #Bitcoin and #Digibyte
Sun Aug 26 23:59:37 +0000 2018,"Deposit Bitcoin. Copy this guy. Recover your lost.

https://t.co/dNdOzhV2bQ

$CDT $NCASH $VIB $BTC $XRP $VET $LTC‚Ä¶ https://t.co/rwgLVhjLxl"
Sun Aug 26 23:59:37 +0000 2018,@aalexis1234 @zooko And King Korn
Sun Aug 26 23:59:37 +0000 2018,"Live in Brisbane, Australia and looking for a Cryto-Currency opportunitiy? https://t.co/Xtc6rVEI6i"
Sun Aug 26 23:59:31 +0000 2018,RT @crypto_goat_: Bakkt Exchange Could Increase #Bitcoin ETF Approval Odds By Adding Trusted Price Information #Cryptocurrency $BTC https:/‚Ä¶
Sun Aug 26 23:59:28 +0000 2018,"RT @PROCofficial: Procurrency Airdrop

* 11000 PROC, valued at $30 to participants 
* 3500 PROC Coin worth$10 for every referral 

* Regist‚Ä¶"
Sun Aug 26 23:59:27 +0000 2018,@Bitcoin_Gallery lmao - you know - I'm in the food business - I have nothing against the veg heads or pescatarians‚Ä¶ https://t.co/6gK3sE9dL3
Sun Aug 26 23:59:21 +0000 2018,"@jeremyrwelch @justbalbi And because it won't/can't replace money as we know it due to economic laws of physics, th‚Ä¶ https://t.co/d64XnLnIxz"
Sun Aug 26 23:59:16 +0000 2018,"RT @THEBITCOINONE: BitCoin ONE is LIVE on @CryptalDash Exchange

üöÄüöÄüöÄLet the Trading Begin üöÄüöÄüöÄ

TRADINGPAIR:

BTC / ETH / USDT / CRD

https:‚Ä¶"
Sun Aug 26 23:59:16 +0000 2018,"RT @CTZN5: @SpacemanThomas @zooko nicotine at least confers very real cognitive benefits for some brainflavors

in normal situations sugar‚Ä¶"
Sun Aug 26 23:59:14 +0000 2018,RT @bitzoin: #DisgraceIn4Words Donald Trump is President.  #MAGA.  Here's another #DisgraceIn4Words SEC rejects #Bitcoin ETF.  #BitcoinETF.‚Ä¶
Sat Aug 25 23:59:59 +0000 2018,RT @cjking711: Buying bitcoin by dollar cost averaging your entry price in a bear market with a long term (5+ years) buy and hold strategy‚Ä¶
Sat Aug 25 23:59:58 +0000 2018,"RT @francispouliot_: Some projects on Bitcoin we use/research at @SatoshiPortal:

- @bitcoincoreorg
- @opentimestamps
- PGP
- @COLDCARDwall‚Ä¶"
Sat Aug 25 23:59:53 +0000 2018,"RT @BithereumBTH: Bithereum aims to do what no other hard-fork has done, by combining the visions of both Bitcoin and Ethereum to create an‚Ä¶"
Sat Aug 25 23:59:49 +0000 2018,@CryptoStratton @ltc_angel @Bitcoin_Gallery @TheCrypt0Mask Your twitter account came up for some reason.
Sat Aug 25 23:59:47 +0000 2018,"RT @ANON_WeAreANON: What makes #ANON uniqie?!?!

MN requirements set at 500 ‚úî
2:1 ZCL ratio ‚úî
ASIC resistant ‚úî

Forking Sept 10th ‚úî‚úî‚úî

And‚Ä¶"
Sat Aug 25 23:59:33 +0000 2018,"Copy skilled traders automatically with Bitcoin! ‚úÖ

I copy ""wangzai888"". Do you?

‚û°Ô∏è https://t.co/7q77Mk2ysM ‚¨ÖÔ∏è

De‚Ä¶ https://t.co/uAWjXiQh9T"
Sat Aug 25 23:59:32 +0000 2018,"""Binance Labs Will Give Crypto Startups $500K for 10% Stake"" https://t.co/hQBDQ8wwOg #bitcoin"
Sat Aug 25 23:59:31 +0000 2018,@GTCost But some Bitcoin to hedge against it
Sat Aug 25 23:59:30 +0000 2018,Install CryptoTab and mine Bitcoin! https://t.co/Aife0gUG9c without stress
Sat Aug 25 23:59:30 +0000 2018,This little-talked about correlation suggests bitcoin may end year 'explosively higher': Tom Lee‚Ä¶ https://t.co/fHO7EY95Of
Sat Aug 25 23:59:27 +0000 2018,RT @imjmiles: Even WSJ is throwing shade on bcash now üò¨ https://t.co/NY3s5QLpdA
Sat Aug 25 23:59:23 +0000 2018,"RT @ANON_WeAreANON: New article on our
fork üí™‚úî!!!

Thank you blockchain reporter for the great article üí™üí™.

https://t.co/fiWm0s7Qgc

#ANON‚Ä¶"
Sat Aug 25 23:59:16 +0000 2018,"RT @Crypto_Core: Everything about this screams overbought but the O.B.V., (Not shown), which is slowly subsiding on that last drive as can‚Ä¶"
Sat Aug 25 23:59:14 +0000 2018,"Duplicate lucrative traders automatically using Bitcoin! ‚úÖ

I copy ""wangzai888"". Do you?

‚û°Ô∏è‚Ä¶ https://t.co/FTISoFtjmb"
Sat Aug 25 23:59:12 +0000 2018,"Replicate lucrative traders automatically with Bitcoin! ‚úÖ

I copy ""wangzai888"". Do you?

‚û°Ô∏è https://t.co/Ozj2oSN3Rj‚Ä¶ https://t.co/yJvlAb2cQJ"
Sat Aug 25 23:59:11 +0000 2018,"Duplicate lucrative traders automatically using Bitcoin! ‚úÖ

I copy ""wangzai888"". Do you?

‚û°Ô∏è‚Ä¶ https://t.co/wv8TxdJpzO"
Sat Aug 25 23:59:11 +0000 2018,RT @CryptoCoinsNews: Google Searches for ‚ÄòBitcoin Price‚Äô Sink to Three-Year Low https://t.co/G6ImMVZEIm
Sat Aug 25 23:59:07 +0000 2018,"RT @Crypto_Core: Everything about this screams overbought but the O.B.V., (Not shown), which is slowly subsiding on that last drive as can‚Ä¶"
Sat Aug 25 23:59:06 +0000 2018,Bitcoin price index https://t.co/o7UcHJUhC6 #USD #EUR #CNY #GBP #RUB https://t.co/kKZa2RqIUl
Sat Aug 25 23:59:02 +0000 2018,RT @cjking711: Buying bitcoin by dollar cost averaging your entry price in a bear market with a long term (5+ years) buy and hold strategy‚Ä¶
